date,raw_visit_counts,raw_visitor_counts,day_of_week
2024-01-01,170,121,Monday
2024-01-02,142,127,Tuesday
2024-01-03,130,102,Wednesday
2024-01-04,131,114,Thursday
2024-01-05,152,135,Friday
2024-01-06,216,170,Saturday
2024-01-07,176,156,Sunday
2024-01-08,122,108,Monday
2024-01-09,126,92,Tuesday
2024-01-10,156,140,Wednesday
2024-01-11,167,126,Thursday
2024-01-12,121,89,Friday
2024-01-13,223,175,Saturday
2024-01-14,174,147,Sunday
2024-01-15,127,88,Monday
2024-01-16,174,140,Tuesday
2024-01-17,161,128,Wednesday
2024-01-18,145,107,Thursday
2024-01-19,152,133,Friday
2024-01-20,172,152,Saturday
2024-01-21,196,143,Sunday
2024-01-22,134,120,Monday
2024-01-23,143,101,Tuesday
2024-01-24,158,125,Wednesday
2024-01-25,154,126,Thursday
2024-01-26,178,147,Friday
2024-01-27,177,154,Saturday
2024-01-28,245,196,Sunday
2024-01-29,147,128,Monday
2024-01-30,139,118,Tuesday
2024-01-31,130,111,Wednesday
2024-02-01,176,126,Thursday
2024-02-02,162,123,Friday
2024-02-03,209,182,Saturday
2024-02-04,279,199,Sunday
2024-02-05,192,167,Monday
2024-02-06,170,127,Tuesday
2024-02-07,178,125,Wednesday
2024-02-08,146,109,Thursday
2024-02-09,178,131,Friday
2024-02-10,218,175,Saturday
2024-02-11,281,198,Sunday
2024-02-12,199,151,Monday
2024-02-13,189,158,Tuesday
2024-02-14,198,147,Wednesday
2024-02-15,195,169,Thursday
2024-02-16,142,120,Friday
2024-02-17,249,208,Saturday
2024-02-18,220,185,Sunday
2024-02-19,195,164,Monday
2024-02-20,198,162,Tuesday
2024-02-21,177,134,Wednesday
2024-02-22,193,145,Thursday
2024-02-23,181,162,Friday
2024-02-24,250,224,Saturday
2024-02-25,261,200,Sunday
2024-02-26,197,163,Monday
2024-02-27,203,161,Tuesday
2024-02-28,152,121,Wednesday
2024-02-29,140,108,Thursday
2024-03-01,163,140,Friday
2024-03-02,307,218,Saturday
2024-03-03,228,195,Sunday
2024-03-04,182,136,Monday
2024-03-05,152,113,Tuesday
2024-03-06,193,166,Wednesday
2024-03-07,191,170,Thursday
2024-03-08,182,134,Friday
2024-03-09,224,177,Saturday
2024-03-10,285,252,Sunday
2024-03-11,172,121,Monday
2024-03-12,188,135,Tuesday
2024-03-13,223,162,Wednesday
2024-03-14,217,192,Thursday
2024-03-15,171,120,Friday
2024-03-16,240,183,Saturday
2024-03-17,297,230,Sunday
2024-03-18,186,147,Monday
2024-03-19,180,134,Tuesday
2024-03-20,175,154,Wednesday
2024-03-21,224,196,Thursday
2024-03-22,158,130,Friday
2024-03-23,292,248,Saturday
2024-03-24,297,248,Sunday
2024-03-25,183,128,Monday
2024-03-26,177,144,Tuesday
2024-03-27,225,186,Wednesday
2024-03-28,186,136,Thursday
2024-03-29,166,124,Friday
2024-03-30,246,188,Saturday
2024-03-31,266,188,Sunday
2024-04-01,191,168,Monday
2024-04-02,177,150,Tuesday
2024-04-03,199,152,Wednesday
2024-04-04,182,130,Thursday
2024-04-05,224,198,Friday
2024-04-06,303,227,Saturday
2024-04-07,227,203,Sunday
2024-04-08,188,134,Monday
2024-04-09,189,134,Tuesday
2024-04-10,219,184,Wednesday
2024-04-11,200,163,Thursday
2024-04-12,232,168,Friday
2024-04-13,284,208,Saturday
2024-04-14,267,227,Sunday
2024-04-15,192,135,Monday
2024-04-16,230,194,Tuesday
2024-04-17,233,172,Wednesday
2024-04-18,214,177,Thursday
2024-04-19,175,156,Friday
2024-04-20,324,253,Saturday
2024-04-21,306,217,Sunday
2024-04-22,173,126,Monday
2024-04-23,219,181,Tuesday
2024-04-24,170,148,Wednesday
2024-04-25,193,169,Thursday
2024-04-26,172,143,Friday
2024-04-27,256,180,Saturday
2024-04-28,251,224,Sunday
2024-04-29,199,144,Monday
2024-04-30,199,142,Tuesday
2024-05-01,201,179,Wednesday
2024-05-02,200,169,Thursday
2024-05-03,208,185,Friday
2024-05-04,277,209,Saturday
2024-05-05,243,172,Sunday
2024-05-06,167,143,Monday
2024-05-07,153,129,Tuesday
2024-05-08,216,169,Wednesday
2024-05-09,174,148,Thursday
2024-05-10,200,166,Friday
2024-05-11,264,199,Saturday
2024-05-12,289,210,Sunday
2024-05-13,213,186,Monday
2024-05-14,196,163,Tuesday
2024-05-15,215,161,Wednesday
2024-05-16,168,131,Thursday
2024-05-17,213,177,Friday
2024-05-18,219,159,Saturday
2024-05-19,271,192,Sunday
2024-05-20,181,143,Monday
2024-05-21,183,141,Tuesday
2024-05-22,175,146,Wednesday
2024-05-23,186,150,Thursday
2024-05-24,163,126,Friday
2024-05-25,300,224,Saturday
2024-05-26,225,198,Sunday
2024-05-27,171,133,Monday
2024-05-28,198,157,Tuesday
2024-05-29,174,153,Wednesday
2024-05-30,167,133,Thursday
2024-05-31,181,159,Friday
2024-06-01,276,224,Saturday
2024-06-02,244,205,Sunday
2024-06-03,186,148,Monday
2024-06-04,173,143,Tuesday
2024-06-05,181,162,Wednesday
2024-06-06,194,140,Thursday
2024-06-07,175,148,Friday
2024-06-08,225,170,Saturday
2024-06-09,219,184,Sunday
2024-06-10,189,142,Monday
2024-06-11,158,116,Tuesday
2024-06-12,141,106,Wednesday
2024-06-13,182,156,Thursday
2024-06-14,160,129,Friday
2024-06-15,273,234,Saturday
2024-06-16,277,228,Sunday
2024-06-17,147,108,Monday
2024-06-18,145,110,Tuesday
2024-06-19,165,146,Wednesday
2024-06-20,170,137,Thursday
2024-06-21,186,143,Friday
2024-06-22,196,174,Saturday
2024-06-23,264,214,Sunday
2024-06-24,152,121,Monday
2024-06-25,194,163,Tuesday
2024-06-26,179,145,Wednesday
2024-06-27,167,123,Thursday
2024-06-28,198,152,Friday
2024-06-29,272,237,Saturday
2024-06-30,287,239,Sunday
2024-07-01,127,97,Monday
2024-07-02,164,130,Tuesday
2024-07-03,153,109,Wednesday
2024-07-04,175,142,Thursday
2024-07-05,160,138,Friday
2024-07-06,184,149,Saturday
2024-07-07,207,155,Sunday
2024-07-08,149,133,Monday
2024-07-09,123,88,Tuesday
2024-07-10,147,107,Wednesday
2024-07-11,121,94,Thursday
2024-07-12,171,130,Friday
2024-07-13,186,150,Saturday
2024-07-14,179,128,Sunday
2024-07-15,123,98,Monday
2024-07-16,124,104,Tuesday
2024-07-17,158,112,Wednesday
2024-07-18,174,138,Thursday
2024-07-19,162,139,Friday
2024-07-20,238,168,Saturday
2024-07-21,179,149,Sunday
2024-07-22,176,127,Monday
2024-07-23,127,102,Tuesday
2024-07-24,147,106,Wednesday
2024-07-25,163,127,Thursday
2024-07-26,173,143,Friday
2024-07-27,172,153,Saturday
2024-07-28,215,168,Sunday
2024-07-29,179,153,Monday
2024-07-30,152,120,Tuesday
2024-07-31,143,117,Wednesday
2024-08-01,129,102,Thursday
2024-08-02,139,108,Friday
2024-08-03,209,177,Saturday
2024-08-04,189,132,Sunday
2024-08-05,127,107,Monday
2024-08-06,124,90,Tuesday
2024-08-07,114,91,Wednesday
2024-08-08,123,99,Thursday
2024-08-09,148,131,Friday
2024-08-10,201,170,Saturday
2024-08-11,205,143,Sunday
2024-08-12,104,86,Monday
2024-08-13,139,122,Tuesday
2024-08-14,107,90,Wednesday
2024-08-15,113,93,Thursday
2024-08-16,131,101,Friday
2024-08-17,156,121,Saturday
2024-08-18,203,173,Sunday
2024-08-19,106,85,Monday
2024-08-20,146,120,Tuesday
2024-08-21,117,89,Wednesday
2024-08-22,107,80,Thursday
2024-08-23,123,110,Friday
2024-08-24,149,107,Saturday
2024-08-25,147,129,Sunday
2024-08-26,144,121,Monday
2024-08-27,121,99,Tuesday
2024-08-28,104,73,Wednesday
2024-08-29,137,111,Thursday
2024-08-30,143,128,Friday
2024-08-31,144,125,Saturday
2024-09-01,151,134,Sunday
2024-09-02,130,107,Monday
2024-09-03,106,89,Tuesday
2024-09-04,93,70,Wednesday
2024-09-05,107,78,Thursday
2024-09-06,121,95,Friday
2024-09-07,167,119,Saturday
2024-09-08,158,120,Sunday
2024-09-09,95,83,Monday
2024-09-10,126,101,Tuesday
2024-09-11,101,82,Wednesday
2024-09-12,95,70,Thursday
2024-09-13,92,80,Friday
2024-09-14,166,146,Saturday
2024-09-15,156,132,Sunday
2024-09-16,110,80,Monday
2024-09-17,96,84,Tuesday
2024-09-18,119,87,Wednesday
2024-09-19,107,86,Thursday
2024-09-20,131,98,Friday
2024-09-21,178,159,Saturday
2024-09-22,171,148,Sunday
2024-09-23,89,74,Monday
2024-09-24,103,84,Tuesday
2024-09-25,103,84,Wednesday
2024-09-26,124,104,Thursday
2024-09-27,126,112,Friday
2024-09-28,166,132,Saturday
2024-09-29,141,122,Sunday
2024-09-30,116,99,Monday
2024-10-01,99,84,Tuesday
2024-10-02,119,87,Wednesday
2024-10-03,97,76,Thursday
2024-10-04,106,81,Friday
2024-10-05,149,116,Saturday
2024-10-06,168,124,Sunday
2024-10-07,105,76,Monday
2024-10-08,104,79,Tuesday
2024-10-09,87,77,Wednesday
2024-10-10,116,90,Thursday
2024-10-11,95,72,Friday
2024-10-12,123,96,Saturday
2024-10-13,167,124,Sunday
2024-10-14,121,88,Monday
2024-10-15,114,94,Tuesday
2024-10-16,106,91,Wednesday
2024-10-17,118,86,Thursday
2024-10-18,98,82,Friday
2024-10-19,167,148,Saturday
2024-10-20,160,138,Sunday
2024-10-21,111,81,Monday
2024-10-22,86,70,Tuesday
2024-10-23,102,73,Wednesday
2024-10-24,115,101,Thursday
2024-10-25,86,75,Friday
2024-10-26,120,89,Saturday
2024-10-27,148,106,Sunday
2024-10-28,91,73,Monday
2024-10-29,98,87,Tuesday
2024-10-30,94,69,Wednesday
2024-10-31,111,79,Thursday
2024-11-01,95,70,Friday
2024-11-02,142,110,Saturday
2024-11-03,170,143,Sunday
2024-11-04,113,98,Monday
2024-11-05,104,72,Tuesday
2024-11-06,104,89,Wednesday
2024-11-07,98,85,Thursday
2024-11-08,132,110,Friday
2024-11-09,169,143,Saturday
2024-11-10,138,96,Sunday
2024-11-11,102,72,Monday
2024-11-12,97,81,Tuesday
2024-11-13,122,86,Wednesday
2024-11-14,113,101,Thursday
2024-11-15,116,92,Friday
2024-11-16,152,135,Saturday
2024-11-17,173,139,Sunday
2024-11-18,131,103,Monday
2024-11-19,97,73,Tuesday
2024-11-20,115,91,Wednesday
2024-11-21,110,89,Thursday
2024-11-22,127,104,Friday
2024-11-23,135,98,Saturday
2024-11-24,157,139,Sunday
2024-11-25,98,75,Monday
2024-11-26,103,76,Tuesday
2024-11-27,125,92,Wednesday
2024-11-28,118,101,Thursday
2024-11-29,113,88,Friday
2024-11-30,153,114,Saturday
2024-12-01,200,168,Sunday
2024-12-02,114,96,Monday
2024-12-03,149,113,Tuesday
2024-12-04,118,97,Wednesday
2024-12-05,109,77,Thursday
2024-12-06,145,101,Friday
2024-12-07,201,164,Saturday
2024-12-08,185,159,Sunday
2024-12-09,131,110,Monday
2024-12-10,134,112,Tuesday
2024-12-11,127,106,Wednesday
2024-12-12,105,84,Thursday
2024-12-13,104,78,Friday
2024-12-14,163,141,Saturday
2024-12-15,184,144,Sunday
2024-12-16,145,129,Monday
2024-12-17,147,117,Tuesday
2024-12-18,129,91,Wednesday
2024-12-19,105,83,Thursday
2024-12-20,136,104,Friday
2024-12-21,170,122,Saturday
2024-12-22,191,168,Sunday
2024-12-23,139,110,Monday
2024-12-24,115,95,Tuesday
2024-12-25,135,94,Wednesday
2024-12-26,142,107,Thursday
2024-12-27,104,93,Friday
2024-12-28,186,167,Saturday
2024-12-29,187,137,Sunday
2024-12-30,104,85,Monday
2024-12-31,120,95,Tuesday
