NAME,tract,population,median_income,median_home_value,median_age,employed_count
"Census Tract 1, San Diego County, California",0607300001,6052,115128,432871,37.54733852880734,3241
"Census Tract 2, San Diego County, California",0607300002,5601,106648,425549,31.174125783130673,1396
"Census Tract 3, San Diego County, California",0607300003,2831,84207,841356,36.78221761643434,3029
"Census Tract 4, San Diego County, California",0607300004,3435,63238,410460,30.08555189032007,2283
"Census Tract 5, San Diego County, California",0607300005,7111,58719,835453,31.764682804004728,2054
"Census Tract 6, San Diego County, California",0607300006,7419,84370,407345,39.415746927898596,3402
"Census Tract 7, San Diego County, California",0607300007,2901,100309,327848,44.095967246111755,1476
"Census Tract 8, San Diego County, California",0607300008,6999,96690,572518,42.09023562016454,2074
"Census Tract 9, San Diego County, California",0607300009,6102,59462,439801,35.41659529884476,3917
"Census Tract 10, San Diego County, California",0607300010,6865,108545,628782,30.331742492944482,2556
"Census Tract 11, San Diego County, California",0607300011,6151,113467,579011,34.93284572180906,1270
"Census Tract 12, San Diego County, California",0607300012,4289,68470,846901,28.319046739445188,2866
"Census Tract 13, San Diego County, California",0607300013,5764,104493,303889,34.43239033177461,1576
"Census Tract 14, San Diego County, California",0607300014,2973,97321,512202,38.25219850164955,2600
"Census Tract 15, San Diego County, California",0607300015,4010,106196,715535,28.331798036877288,3895
"Census Tract 16, San Diego County, California",0607300016,5637,106528,630125,28.721424175920973,3179
"Census Tract 17, San Diego County, California",0607300017,6233,114278,740709,43.159510029142425,1745
"Census Tract 18, San Diego County, California",0607300018,7944,106941,363574,33.18034579479105,3071
"Census Tract 19, San Diego County, California",0607300019,5051,106994,794327,29.568880078924455,2056
"Census Tract 20, San Diego County, California",0607300020,3839,53740,306995,41.04626123654807,1235
